{
    "api_id": 20200731,
    "api_hash": "debec87745352ef7c5fdcae9622930a1",
    "keywords": [
        "ابى مختص",
"help",
"Specialist",
        "ابي مدرس",
        "ابى مدرس",
        "ابى خصوصي",
        "من يعرف خصوصي",
        "عندي واجب",
        "يسوي بحث",
        "احد يعرف خصوصي انقليزي؟"
    ],
    "allowed_groups": [
        {"id": -1001234567890, "reply_type": "private"},
        {"id": -4936931871, "reply_type": "group"},
        {"id": -1002718581472, "reply_type": "group"}
    ],
    "group_reply_template_ar": "تفضل خاص، أبشر {user}!",
    "group_reply_template_en": "Here you go, {user}! I'm ready to help you!",
    "log_file": "help_requests.json"
}
